Placebo,Trat.A,Trat.B,Genero
2.96272331267056,5.89404601824978,5.1038663878144,F
5.23935822821605,6.90735112240734,5.33599657531038,F
3.05904656911144,7.43251119875129,6.22410915441214,M
3.60703554059697,7.50565541784813,5.85520438275442,M
3.0589629437962,7.26980292713235,5.96793873078569,M
4.12641526301053,5.02613568296154,6.24001829391651,M
4.24513692254739,6.22848880278198,5.28926055894434,M
5.12714944728392,7.74128719942523,6.37896816507134,M
