Placebo,Trat.A,Trat.B,Genero
6.37057658381401,4.40596489418827,3.57506920575309,M
6.16006916603104,4.45834202023012,4.77373453097498,M
5.03443975941343,5.27083844558238,4.36079877347132,F
6.0349803052184,3.96916099898166,6.71589910899338,F
5.63624080550071,4.97687587197705,4.57037076987538,M
5.319112115849,4.16697167785359,6.59057937669042,M
5.21646415932757,6.47368217644354,5.44751118629992,F
6.31006168474458,4.32807798694364,4.29438681947741,F
