Placebo,Trat.A,Trat.B,Genero
4.09409335365873,5.84042828429997,5.54368009265979,M
3.94449513255579,3.96873167179645,6.78570742334762,M
4.87940831545594,4.56477165104871,6.84268144621847,F
4.71316093130151,6.92501129744295,7.18666027153391,F
4.935231369325,5.40117277336367,4.94417239483073,F
4.59782170038621,5.29873027128459,7.10662787029685,M
1.7862811217191,4.82936326087858,7.73305793304611,F
2.99788494623092,5.60962785115248,6.55659667846475,F
