Placebo,Trat.A,Trat.B,Genero
5.68691294643098,6.16775159385628,4.6458011652895,F
6.06636310516389,5.79267944544605,5.71068538232757,F
5.53670061077058,3.78649624604157,3.97723858646722,F
6.90602869100645,3.99438587279409,7.42870858407642,M
6.06315963413633,5.20856961475232,5.34259367406329,F
6.37034359371503,5.44617758947847,3.71389299014157,M
5.52779182746617,4.3791940034799,4.4659394043434,M
5.40309666419067,5.44134288955204,5.59697390462956,M
